,id,max_quality,cost,capital,pur,price,period,id_group
0,0,26.0,79.0,821.02,0,80.0,0,0
0,1,4.0,14.0,1140.41,0,15.0,0,0
0,2,7.0,30.0,809.67,0,31.0,0,0
0,3,23.0,74.0,886.93,0,75.0,0,0
0,4,9.0,86.0,888.25,0,87.0,0,0
0,5,23.0,96.0,898.52,0,97.0,0,0
0,6,11.0,92.0,1254.92,0,93.0,0,0
0,7,15.0,99.0,1014.94,0,100.0,0,0
0,8,20.0,46.0,811.74,0,47.0,0,0
0,9,23.0,41.0,1751.69,0,42.0,0,0
0,10,20.0,46.0,726.73,0,47.0,0,1
0,11,27.0,64.0,1008.3,0,65.0,0,1
0,12,27.0,89.0,749.6,0,90.0,0,1
0,13,10.0,62.0,1765.81,0,63.0,0,1
0,14,24.0,62.0,1142.42,0,63.0,0,1
0,15,16.0,6.0,840.18,29,7.0,0,1
0,16,4.0,34.0,612.41,0,35.0,0,1
0,17,10.0,85.0,1126.79,0,86.0,0,1
0,18,19.0,90.0,891.32,0,91.0,0,1
0,19,4.0,91.0,1036.99,0,92.0,0,1
0,20,6.0,74.0,1034.29,0,75.0,0,2
0,21,28.0,58.0,1055.41,0,59.0,0,2
0,22,20.0,8.0,1075.69,0,9.0,0,2
0,23,12.0,5.0,1001.41,20,6.0,0,2
0,24,19.0,88.0,1147.78,0,89.0,0,2
0,25,18.0,62.0,641.27,0,63.0,0,2
0,26,14.0,7.0,100.2,0,8.0,0,2
0,27,27.0,60.0,622.8,0,61.0,0,2
0,28,2.0,39.0,910.96,0,40.0,0,2
0,29,27.0,36.0,603.51,0,37.0,0,2
0,30,2.0,44.0,1380.85,0,45.0,0,3
0,31,5.0,66.0,1557.01,0,67.0,0,3
0,32,8.0,82.0,991.65,0,83.0,0,3
0,33,7.0,87.0,921.09,0,88.0,0,3
0,34,16.0,25.0,1528.0,0,26.0,0,3
0,35,26.0,55.0,971.27,0,56.0,0,3
0,36,30.0,57.0,1088.49,150,58.0,0,3
0,37,8.0,62.0,568.26,0,63.0,0,3
0,38,21.0,67.0,779.98,0,68.0,0,3
0,39,16.0,86.0,960.84,0,87.0,0,3
0,40,27.0,7.0,598.96,33,8.0,0,4
0,41,22.0,32.0,642.56,0,33.0,0,4
0,42,6.0,12.0,1503.81,0,13.0,0,4
0,43,7.0,58.0,284.88,0,59.0,0,4
0,44,28.0,8.0,3192.06,1724,9.0,0,4
0,45,5.0,41.0,1061.65,0,42.0,0,4
0,46,3.0,15.0,669.14,0,16.0,0,4
0,47,10.0,60.0,1533.48,0,61.0,0,4
0,48,24.0,16.0,1885.49,0,17.0,0,4
0,49,12.0,81.0,868.68,0,82.0,0,4
0,0,33.0,75.65,687.47,0,76.65,1,0
0,1,5.0,18.94,1073.37,0,19.94,1,0
0,2,9.0,39.91,673.64,0,40.91,1,0
0,3,21.0,68.65,795.33,0,69.65,1,0
0,4,8.0,81.56,825.44,0,82.56,1,0
0,5,28.0,99.22,748.82,0,100.22,1,0
0,6,9.0,86.9,1155.59,0,87.9,1,0
0,7,12.0,92.45,940.86,0,93.45,1,0
0,8,24.0,37.58,688.8,0,38.58,1,0
0,9,21.0,36.88,1687.26,0,37.88,1,0
0,10,20.0,35.14,617.93,0,36.14,1,1
0,11,28.0,64.54,927.5,0,65.54,1,1
0,12,27.0,92.66,746.82,0,93.66,1,1
0,13,11.0,53.29,1748.21,0,54.29,1,1
0,14,23.0,61.7,1051.53,0,62.7,1,1
0,15,17.0,3.84,733.03,17,4.84,1,1
0,16,4.0,35.36,535.58,0,36.36,1,1
0,17,6.0,92.52,1011.04,0,93.52,1,1
0,18,17.0,90.96,753.11,0,91.96,1,1
0,19,5.0,92.99,965.78,0,93.99,1,1
0,20,6.0,76.92,1017.92,0,77.92,1,2
0,21,27.0,59.76,991.29,0,60.76,1,2
0,22,20.0,6.43,1065.69,0,7.43,1,2
0,23,16.0,11.2,948.47,0,12.2,1,2
0,24,18.0,86.32,997.2,0,87.32,1,2
0,25,23.0,61.16,598.08,0,62.16,1,2
0,26,14.0,7.0,100.2,0,8.0,1,2
0,27,25.0,58.58,614.87,0,59.58,1,2
0,28,3.0,33.51,768.13,0,34.51,1,2
0,29,27.0,32.02,447.9,0,33.02,1,2
0,30,1.0,47.58,1338.94,0,48.58,1,3
0,31,3.0,67.73,1459.17,0,68.73,1,3
0,32,7.0,81.34,897.67,0,82.34,1,3
0,33,4.0,94.44,868.8,0,95.44,1,3
0,34,14.0,24.1,1399.05,0,25.1,1,3
0,35,29.0,48.16,794.86,0,49.16,1,3
0,36,36.0,65.12,1027.06,88,66.12,1,3
0,37,8.0,70.41,503.77,0,71.41,1,3
0,38,20.0,68.32,718.58,0,69.32,1,3
0,39,21.0,81.79,885.68,0,82.79,1,3
0,40,29.0,6.2,588.96,0,7.2,1,4
0,41,18.0,30.7,488.02,0,31.7,1,4
0,42,8.0,14.72,1337.3,0,15.72,1,4
0,43,9.0,67.65,172.21,0,68.65,1,4
0,44,32.0,4.77,4899.79,1869,5.77,1,4
0,45,6.0,36.97,1005.09,0,37.97,1,4
0,46,2.0,25.1,595.76,0,26.1,1,4
0,47,9.0,59.12,1430.25,0,60.12,1,4
0,48,20.0,22.7,1875.49,0,23.7,1,4
0,49,11.0,76.97,749.86,0,77.97,1,4
0,0,31.0,78.08,539.82,0,79.08,2,0
0,1,6.0,10.77,1011.28,0,11.77,2,0
0,2,10.0,52.3,534.73,0,53.3,2,0
0,3,21.0,63.31,705.62,0,64.31,2,0
0,4,6.0,79.22,729.27,0,80.22,2,0
0,5,22.0,92.12,590.95,0,93.12,2,0
0,6,16.0,91.04,1034.75,0,92.04,2,0
0,7,9.0,96.89,920.82,0,97.89,2,0
0,8,20.0,39.21,644.02,0,40.21,2,0
0,9,16.0,42.06,1528.99,0,43.06,2,0
0,10,19.0,33.54,450.39,0,34.54,2,1
0,11,28.0,70.25,869.59,0,71.25,2,1
0,12,28.0,85.08,650.64,0,86.08,2,1
0,13,12.0,52.24,1680.75,0,53.24,2,1
0,14,27.0,63.23,899.17,0,64.22999999999999,2,1
0,15,13.0,3.84,664.95,0,4.84,2,1
0,16,5.0,27.8,442.46,0,28.8,2,1
0,17,6.0,93.08,1001.04,0,94.08,2,1
0,18,16.0,90.96,626.03,0,91.96,2,1
0,19,6.0,96.82,844.04,0,97.82,2,1
0,20,7.0,81.19,795.26,0,82.19,2,2
0,21,23.0,64.75,920.35,0,65.75,2,2
0,22,23.0,3.83,988.38,68,4.83,2,2
0,23,12.0,5.0,948.47,0,6.0,2,2
0,24,18.0,82.93,917.39,0,83.93,2,2
0,25,23.0,63.47,492.41,0,64.47,2,2
0,26,14.0,7.0,100.2,0,8.0,2,2
0,27,29.0,51.07,562.0,0,52.07,2,2
0,28,4.0,40.62,718.07,0,41.62,2,2
0,29,28.0,32.7,302.07,0,33.7,2,2
0,30,1.0,51.47,1200.66,0,52.47,2,3
0,31,9.0,72.16,1319.1,0,73.16,2,3
0,32,7.0,76.87,770.58,0,77.87,2,3
0,33,2.0,96.12,744.11,0,97.12,2,3
0,34,14.0,29.5,1366.68,0,30.5,2,3
0,35,32.0,57.27,758.74,72,58.27,2,3
0,36,35.0,66.78,1048.8,76,67.78,2,3
0,37,11.0,75.15,467.65,0,76.15,2,3
0,38,22.0,62.38,568.17,0,63.38,2,3
0,39,21.0,81.95,783.76,0,82.95,2,3
0,40,27.0,7.0,1105.96,517,8.0,2,4
0,41,15.0,32.86,417.19,0,33.86,2,4
0,42,10.0,18.37,1249.5,0,19.37,2,4
0,43,8.0,72.99,42.9,0,73.99,2,4
0,44,30.0,18.33,6075.7,1242,19.33,2,4
0,45,5.0,44.08,910.55,0,45.08,2,4
0,46,4.0,20.26,420.6,0,21.26,2,4
0,47,6.0,58.24,1293.86,0,59.24,2,4
0,48,18.0,23.87,1691.67,0,24.87,2,4
0,49,8.0,77.29,583.6,0,78.29,2,4
0,0,34.0,71.59,454.51,0,72.59,3,0
0,1,13.0,12.48,931.84,0,13.48,3,0
0,2,14.0,63.52,351.35,0,64.52000000000001,3,0
0,3,23.0,59.1,613.53,0,60.1,3,0
0,4,2.0,73.93,615.11,0,74.93,3,0
0,5,20.0,89.76,477.69,0,90.76,3,0
0,6,15.0,93.13,945.28,0,94.13,3,0
0,7,8.0,105.38,762.21,0,106.38,3,0
0,8,17.0,36.57,530.17,0,37.57,3,0
0,9,15.0,44.12,1443.9,0,45.12,3,0
0,10,17.0,37.65,310.36,0,38.65,3,1
0,11,29.0,74.79,762.4,0,75.79,3,1
0,12,28.0,90.39,510.28,0,91.39,3,1
0,13,12.0,42.42,1591.96,0,43.42,3,1
0,14,26.0,61.34,852.11,0,62.34,3,1
0,15,17.0,3.84,811.95,147,4.84,3,1
0,16,5.0,29.96,313.2,0,30.96,3,1
0,17,7.0,96.03,883.63,0,97.03,3,1
0,18,18.0,99.5,565.93,0,100.5,3,1
0,19,6.0,99.38,778.83,0,100.38,3,1
0,20,2.0,88.24,764.11,0,89.24,3,2
0,21,22.0,70.51,819.22,0,71.51,3,2
0,22,23.0,15.59,921.83,0,16.59,3,2
0,23,9.0,10.15,826.51,0,11.15,3,2
0,24,20.0,86.18,752.54,0,87.18,3,2
0,25,21.0,65.14,340.16,0,66.14,3,2
0,26,16.0,3.11,39.86,14,4.109999999999999,3,2
0,27,27.0,45.89,455.83,0,46.89,3,2
0,28,8.0,40.82,587.02,0,41.82,3,2
0,29,26.0,36.82,159.24,0,37.82,3,2
0,30,1.0,54.28,1026.52,0,55.28,3,3
0,31,13.0,73.18,1260.17,0,74.18,3,3
0,32,7.0,72.15,677.74,0,73.15,3,3
0,33,2.0,98.88,685.79,0,99.88,3,3
0,34,21.0,22.29,1206.85,0,23.29,3,3
0,35,34.0,57.62,707.95,61,58.62,3,3
0,36,38.0,65.57,1052.8899999999999,86,66.57,3,3
0,37,13.0,78.61,334.93,0,79.61,3,3
0,38,24.0,52.12,470.44,0,53.12,3,3
0,39,21.0,90.55,692.86,0,91.55,3,3
0,40,25.0,9.08,1355.33,377,10.08,3,4
0,41,10.0,25.82,256.38,0,26.82,3,4
0,42,10.0,13.45,1140.09,0,14.45,3,4
0,43,8.0,72.99,42.9,0,73.99,3,4
0,44,27.0,16.88,7299.33,1303,17.88,3,4
0,45,1.0,42.38,859.23,0,43.38,3,4
0,46,8.0,18.82,402.75,0,19.82,3,4
0,47,8.0,53.27,1134.44,0,54.27,3,4
0,48,16.0,22.02,1531.74,0,23.02,3,4
0,49,13.0,78.12,421.96,0,79.12,3,4
0,0,32.0,67.15,284.32,0,68.15,4,0
0,1,14.0,14.99,821.94,0,15.99,4,0
0,2,8.0,67.78,333.96,0,68.78,4,0
0,3,22.0,61.0,527.94,0,62.0,4,0
0,4,3.0,67.66,495.63,0,68.66,4,0
0,5,17.0,84.27,355.63,0,85.27,4,0
0,6,14.0,89.31,930.44,0,90.31,4,0
0,7,6.0,101.59,668.37,0,102.59,4,0
0,8,20.0,40.22,506.79,0,41.22,4,0
0,9,19.0,50.91,1342.18,0,51.91,4,0
0,10,14.0,43.76,198.86,0,44.76,4,1
0,11,31.0,75.25,710.49,0,76.25,4,1
0,12,27.0,87.89,442.92,0,88.89,4,1
0,13,14.0,43.07,1432.15,0,44.07,4,1
0,14,31.0,60.16,775.43,11,61.16,4,1
0,15,18.0,4.12,747.3,0,5.12,4,1
0,16,7.0,24.01,214.45,0,25.01,4,1
0,17,4.0,98.5,808.99,0,99.5,4,1
0,18,23.0,97.4,503.01,0,98.4,4,1
0,19,1.0,99.48,710.93,0,100.48,4,1
0,20,3.0,84.99,675.1,0,85.99,4,2
0,21,22.0,79.92,735.15,0,80.92,4,2
0,22,23.0,3.83,1093.83,172,4.83,4,2
0,23,9.0,11.22,754.72,0,12.22,4,2
0,24,20.0,91.41,659.23,0,92.41,4,2
0,25,17.0,73.73,189.63,0,74.73,4,2
0,26,16.0,3.11,52.86,13,4.109999999999999,4,2
0,27,22.0,53.57,413.27,0,54.57,4,2
0,28,4.0,36.72,440.42,0,37.72,4,2
0,29,24.0,36.87,135.58,0,37.87,4,2
0,30,5.0,54.6,865.51,0,55.6,4,3
0,31,17.0,72.0,1060.92,0,73.0,4,3
0,32,4.0,75.46,598.43,0,76.46,4,3
0,33,2.0,105.49,676.0,0,106.49,4,3
0,34,20.0,28.27,1053.31,0,29.27,4,3
0,35,33.0,61.71,654.62,0,62.71,4,3
0,36,35.0,61.24,1046.36,116,62.24,4,3
0,37,5.0,70.75,147.32,0,71.75,4,3
0,38,30.0,45.03,629.87,220,46.03,4,3
0,39,15.0,92.93,578.38,0,93.93,4,3
0,40,25.0,9.73,2701.8399999999997,1456,10.73,4,4
0,41,12.0,32.42,246.38,0,33.42,4,4
0,42,10.0,15.44,1067.62,0,16.439999999999998,4,4
0,43,8.0,72.99,42.9,0,73.99,4,4
0,44,25.0,17.2,7284.72,0,18.2,4,4
0,45,1.0,39.64,753.07,0,40.64,4,4
0,46,11.0,18.26,267.02,0,19.26,4,4
0,47,11.0,53.45,984.0,0,54.45,4,4
0,48,15.0,23.48,1476.73,0,24.48,4,4
0,49,15.0,73.39,302.85,0,74.39,4,4
0,0,27.0,67.35,171.88,0,68.35,5,0
0,1,15.0,15.22,775.64,0,16.22,5,0
0,2,7.0,59.42,320.77,0,60.42,5,0
0,3,17.0,62.73,400.39,0,63.73,5,0
0,4,1.0,68.53,354.52,0,69.53,5,0
0,5,16.0,79.74,301.83,0,80.74,5,0
0,6,12.0,101.1,865.67,0,102.1,5,0
0,7,5.0,97.82,636.49,0,98.82,5,0
0,8,17.0,40.45,467.78,0,41.45,5,0
0,9,18.0,60.63,1235.45,0,61.63,5,0
0,10,14.0,47.8,72.38,0,48.8,5,1
0,11,31.0,65.8,654.81,0,66.8,5,1
0,12,27.0,83.94,346.38,0,84.94,5,1
0,13,13.0,45.45,1295.15,0,46.45,5,1
0,14,31.0,64.73,627.61,0,65.73,5,1
0,15,17.0,3.84,754.3,7,4.84,5,1
0,16,5.0,20.66,73.51,0,21.66,5,1
0,17,7.0,106.86,719.81,0,107.86,5,1
0,18,21.0,93.71,294.13,0,94.71,5,1
0,19,1.0,101.51,600.48,0,102.51,5,1
0,20,2.0,81.42,502.79,0,82.42,5,2
0,21,26.0,77.72,650.22,0,78.72,5,2
0,22,21.0,8.13,930.6,0,9.13,5,2
0,23,8.0,16.53,663.7,0,17.53,5,2
0,24,18.0,95.67,642.76,0,96.67,5,2
0,25,21.0,75.36,126.53,0,76.36,5,2
0,26,16.0,3.11,66.86,14,4.109999999999999,5,2
0,27,26.0,54.56,294.43,0,55.56,5,2
0,28,4.0,42.83,336.12,0,43.83,5,2
0,29,26.0,36.62,40.88,0,37.62,5,2
0,30,2.0,60.42,769.03,0,61.42,5,3
0,31,13.0,71.71,1026.43,0,72.71,5,3
0,32,4.0,77.67,455.08,0,78.67,5,3
0,33,9.0,112.41,666.0,0,113.41,5,3
0,34,22.0,28.3,941.11,0,29.3,5,3
0,35,34.0,57.62,801.62,147,58.62,5,3
0,36,31.0,55.85,939.64,21,56.85,5,3
0,37,7.0,75.18,34.62,0,76.18,5,3
0,38,30.0,40.83,804.38,271,41.83,5,3
0,39,14.0,91.99,541.36,0,92.99,5,3
0,40,27.0,4.16,4122.110000000001,1528,5.16,5,4
0,41,9.0,27.48,142.76,0,28.48,5,4
0,42,7.0,7.87,1064.33,0,8.870000000000001,5,4
0,43,9.0,68.96,1.35,0,69.96,5,4
0,44,27.0,16.88,7284.72,0,17.88,5,4
0,45,1.0,44.93,691.74,0,45.93,5,4
0,46,10.0,27.15,145.49,0,28.15,5,4
0,47,10.0,60.12,974.0,0,61.12,5,4
0,48,19.0,32.75,1387.73,0,33.75,5,4
0,49,15.0,67.13,163.65,0,68.13,5,4
0,0,26.0,70.65,40.52,0,71.65,6,0
0,1,11.0,11.42,691.27,0,12.42,6,0
0,2,6.0,56.22,238.08,0,57.22,6,0
0,3,16.0,67.3,355.1,0,68.3,6,0
0,4,3.0,70.52,258.29,0,71.52,6,0
0,5,18.0,79.08,193.53,0,80.08,6,0
0,6,16.0,95.43,729.26,0,96.43,6,0
0,7,3.0,99.32,627.06,0,100.32,6,0
0,8,17.0,43.52,271.68,0,44.52,6,0
0,9,20.0,52.46,1174.41,0,53.46,6,0
0,10,14.0,47.8,72.38,0,48.8,6,1
0,11,31.0,69.52,592.47,0,70.52,6,1
0,12,23.0,88.83,236.89,0,89.83,6,1
0,13,14.0,39.98,1220.04,0,40.98,6,1
0,14,31.0,60.16,627.61,0,61.16,6,1
0,15,23.0,12.18,630.43,0,13.18,6,1
0,16,5.0,20.66,73.51,0,21.66,6,1
0,17,4.0,102.0,614.18,0,103.0,6,1
0,18,21.0,90.8,145.38,0,91.8,6,1
0,19,1.0,97.45,535.59,0,98.45,6,1
0,20,1.0,79.86,416.92,0,80.86,6,2
0,21,24.0,77.61,565.04,0,78.61,6,2
0,22,23.0,3.83,938.6,8,4.83,6,2
0,23,7.0,13.34,635.24,0,14.34,6,2
0,24,21.0,95.29,533.1,0,96.29,6,2
0,25,19.0,77.48,93.63,0,78.48,6,2
0,26,16.0,3.11,79.86,13,4.109999999999999,6,2
0,27,25.0,49.71,219.98,0,50.71,6,2
0,28,7.0,50.76,326.12,0,51.76,6,2
0,29,26.0,36.62,40.88,0,37.62,6,2
0,30,3.0,62.22,638.6,0,63.22,6,3
0,31,15.0,75.78,944.57,0,76.78,6,3
0,32,1.0,78.95,353.34,0,79.95,6,3
0,33,12.0,117.65,598.17,0,118.65,6,3
0,34,18.0,36.23,832.58,0,37.23,6,3
0,35,34.0,62.09,623.27,0,63.09,6,3
0,36,33.0,57.07,838.9,0,58.07,6,3
0,37,11.0,74.45,6.37,0,75.45,6,3
0,38,36.0,31.9,1384.18,708,32.9,6,3
0,39,10.0,95.04,371.44,0,96.04,6,3
0,40,25.0,4.16,4801.110000000001,767,5.16,6,4
0,41,8.0,21.3,56.59,0,22.3,6,4
0,42,5.0,7.12,995.85,0,8.120000000000001,6,4
0,43,9.0,68.96,1.35,0,69.96,6,4
0,44,26.0,21.69,7688.24,492,22.69,6,4
0,45,5.0,42.96,588.51,0,43.96,6,4
0,46,12.0,23.25,37.7,0,24.25,6,4
0,47,16.0,58.31,818.57,0,59.31,6,4
0,48,20.0,31.61,1283.03,0,32.61,6,4
0,49,14.0,66.64,98.88,0,67.64,6,4
0,0,26.0,70.65,40.52,0,71.65,7,0
0,1,13.0,13.46,564.4,0,14.46,7,0
0,2,4.0,55.32,140.31,0,56.32,7,0
0,3,13.0,71.03,249.55,0,72.03,7,0
0,4,3.0,77.14,133.97,0,78.14,7,0
0,5,18.0,85.25,93.85,0,86.25,7,0
0,6,17.0,98.41,568.66,0,99.41,7,0
0,7,3.0,104.57,564.11,0,105.57,7,0
0,8,12.0,41.71,219.39,0,42.71,7,0
0,9,18.0,51.09,984.76,0,52.09,7,0
0,10,14.0,47.8,72.38,0,48.8,7,1
0,11,35.0,64.96,591.24,0,65.96,7,1
0,12,25.0,84.12,122.89,0,85.12,7,1
0,13,16.0,44.82,1097.07,0,45.82,7,1
0,14,36.0,59.02,695.69,138,60.02,7,1
0,15,17.0,3.84,652.43,22,4.84,7,1
0,16,5.0,23.79,19.14,0,24.79,7,1
0,17,4.0,110.58,569.81,0,111.58,7,1
0,18,22.0,92.27,72.57,0,93.27,7,1
0,19,3.0,95.37,527.71,0,96.37,7,1
0,20,1.0,83.47,355.12,0,84.47,7,2
0,21,24.0,81.73,394.41,0,82.73,7,2
0,22,22.0,5.33,904.35,52,6.33,7,2
0,23,8.0,11.07,630.35,0,12.07,7,2
0,24,18.0,97.0,399.97,0,98.0,7,2
0,25,19.0,77.48,93.63,0,78.48,7,2
0,26,16.0,3.11,93.86,14,4.109999999999999,7,2
0,27,26.0,38.88,77.22,0,39.88,7,2
0,28,7.0,61.95,155.06,0,62.95,7,2
0,29,26.0,36.62,40.88,0,37.62,7,2
0,30,3.0,73.48,609.1,0,74.48,7,3
0,31,16.0,86.0,830.48,0,87.0,7,3
0,32,1.0,77.35,241.15,0,78.35,7,3
0,33,11.0,122.21,472.56,0,123.21,7,3
0,34,15.0,41.26,655.7,0,42.26,7,3
0,35,34.0,57.62,623.27,0,58.62,7,3
0,36,31.0,55.85,838.9,0,56.85,7,3
0,37,11.0,74.45,6.37,0,75.45,7,3
0,38,35.0,33.52,1731.36,511,34.52,7,3
0,39,11.0,100.71,228.11,0,101.71,7,3
0,40,29.0,7.22,6017.6,1251,8.219999999999999,7,4
0,41,8.0,21.3,56.59,0,22.3,7,4
0,42,8.0,7.44,985.85,0,8.440000000000001,7,4
0,43,9.0,68.96,1.35,0,69.96,7,4
0,44,26.0,19.32,7556.1,0,20.32,7,4
0,45,4.0,45.31,416.98,0,46.31,7,4
0,46,12.0,23.25,37.7,0,24.25,7,4
0,47,17.0,53.26,764.42,0,54.26,7,4
0,48,20.0,35.74,1207.88,0,36.74,7,4
0,49,14.0,66.64,98.88,0,67.64,7,4
0,0,26.0,70.65,40.52,0,71.65,8,0
0,1,12.0,19.64,476.47,0,20.64,8,0
0,2,6.0,61.92,20.25,0,62.92,8,0
0,3,9.0,69.34,123.81,0,70.34,8,0
0,4,5.0,82.63,69.62,0,83.63,8,0
0,5,21.0,96.79,28.49,0,97.79,8,0
0,6,17.0,98.16,452.0,0,99.16,8,0
0,7,6.0,99.57,508.59,0,100.57,8,0
0,8,12.0,48.03,92.13,0,49.03,8,0
0,9,19.0,59.99,889.49,0,60.99,8,0
0,10,14.0,47.8,72.38,0,48.8,8,1
0,11,35.0,61.23,522.35,0,62.23,8,1
0,12,25.0,84.12,122.89,0,85.12,8,1
0,13,20.0,49.34,1067.84,0,50.34,8,1
0,14,37.0,62.98,536.81,0,63.98,8,1
0,15,14.0,1.9,628.64,36,2.9,8,1
0,16,5.0,23.79,19.14,0,24.79,8,1
0,17,1.0,100.68,477.03,0,101.68,8,1
0,18,22.0,92.27,72.57,0,93.27,8,1
0,19,10.0,105.48,382.58,0,106.48,8,1
0,20,2.0,89.97,211.62,0,90.97,8,2
0,21,21.0,90.04,320.86,0,91.04,8,2
0,22,18.0,4.61,936.61,73,5.61,8,2
0,23,5.0,5.71,503.95,0,6.71,8,2
0,24,17.0,95.49,248.77,0,96.49,8,2
0,25,19.0,77.48,93.63,0,78.48,8,2
0,26,16.0,5.47,83.86,0,6.47,8,2
0,27,26.0,38.88,77.22,0,39.88,8,2
0,28,3.0,56.36,57.3,0,57.36,8,2
0,29,26.0,36.62,40.88,0,37.62,8,2
0,30,8.0,72.74,473.01,0,73.74,8,3
0,31,13.0,87.03,772.65,0,88.03,8,3
0,32,1.0,76.48,111.88,0,77.48,8,3
0,33,12.0,118.25,323.88,0,119.25,8,3
0,34,14.0,42.66,465.46,0,43.66,8,3
0,35,36.0,55.45,494.01,0,56.45,8,3
0,36,24.0,62.87,815.33,0,63.87,8,3
0,37,11.0,74.45,6.37,0,75.45,8,3
0,38,38.0,30.93,2434.8199999999997,749,31.93,8,3
0,39,9.0,103.73,141.12,0,104.73,8,3
0,40,29.0,7.78,7139.83,1137,8.780000000000001,8,4
0,41,8.0,21.3,56.59,0,22.3,8,4
0,42,9.0,8.31,852.97,0,9.31,8,4
0,43,9.0,68.96,1.35,0,69.96,8,4
0,44,26.0,21.69,7556.1,0,22.69,8,4
0,45,4.0,50.61,385.97,0,51.61,8,4
0,46,12.0,23.25,37.7,0,24.25,8,4
0,47,18.0,51.92,684.17,0,52.92,8,4
0,48,20.0,29.99,1001.6,0,30.99,8,4
0,49,15.0,66.88,19.18,0,67.88,8,4
0,0,24.0,71.43,30.52,0,72.43,9,0
0,1,11.0,22.14,392.85,0,23.14,9,0
0,2,4.0,61.23,10.25,0,62.23,9,0
0,3,9.0,69.34,123.81,0,70.34,9,0
0,4,5.0,82.63,69.62,0,83.63,9,0
0,5,21.0,96.79,28.49,0,97.79,9,0
0,6,16.0,95.26,340.61,0,96.26,9,0
0,7,8.0,108.51,419.21,0,109.51,9,0
0,8,11.0,45.98,71.15,0,46.98,9,0
0,9,16.0,58.44,879.49,0,59.44,9,0
0,10,16.0,46.93,66.16,0,47.93,9,1
0,11,32.0,67.95,424.49,0,68.95,9,1
0,12,26.0,81.67,16.79,0,82.67,9,1
0,13,18.0,51.38,963.12,0,52.38,9,1
0,14,36.0,59.02,536.81,0,60.02,9,1
0,15,15.0,3.77,605.98,0,4.77,9,1
0,16,5.0,23.79,19.14,0,24.79,9,1
0,17,1.0,91.13,467.03,0,92.13,9,1
0,18,22.0,92.27,72.57,0,93.27,9,1
0,19,13.0,117.14,363.78,0,118.14,9,1
0,20,2.0,90.17,60.19,0,91.17,9,2
0,21,19.0,90.48,226.24,0,91.48,9,2
0,22,18.0,4.24,1266.3999999999999,397,5.24,9,2
0,23,8.0,2.44,388.01,4,3.44,9,2
0,24,12.0,103.27,141.24,0,104.27,9,2
0,25,20.0,67.78,6.5,0,68.78,9,2
0,26,16.0,3.11,107.86,24,4.109999999999999,9,2
0,27,26.0,38.88,77.22,0,39.88,9,2
0,28,3.0,56.36,57.3,0,57.36,9,2
0,29,26.0,36.62,40.88,0,37.62,9,2
0,30,8.0,71.93,431.34,0,72.93,9,3
0,31,16.0,90.57,731.11,0,91.57,9,3
0,32,1.0,76.48,111.88,0,77.48,9,3
0,33,14.0,120.5,268.98,0,121.5,9,3
0,34,12.0,42.92,312.71,0,43.92,9,3
0,35,38.0,55.9,449.32,0,56.9,9,3
0,36,20.0,69.15,791.7,0,70.15,9,3
0,37,11.0,74.45,6.37,0,75.45,9,3
0,38,40.0,29.95,3107.63,800,30.95,9,3
0,39,8.0,101.58,96.93,0,102.58,9,3
0,40,32.0,14.57,7790.59,767,15.57,9,4
0,41,8.0,21.3,56.59,0,22.3,9,4
0,42,8.0,5.6,677.03,0,6.6,9,4
0,43,9.0,68.96,1.35,0,69.96,9,4
0,44,23.0,26.4,7437.16,0,27.4,9,4
0,45,1.0,60.67,378.91,0,61.67,9,4
0,46,12.0,23.25,37.7,0,24.25,9,4
0,47,15.0,51.58,677.87,0,52.58,9,4
0,48,20.0,19.51,876.31,0,20.51,9,4
0,49,15.0,66.88,19.18,0,67.88,9,4
0,0,24.0,71.43,30.52,0,72.43,10,0
0,1,6.0,22.48,278.46,0,23.48,10,0
0,2,4.0,61.23,10.25,0,62.23,10,0
0,3,7.0,66.11,58.57,0,67.11,10,0
0,4,5.0,82.63,69.62,0,83.63,10,0
0,5,21.0,96.79,28.49,0,97.79,10,0
0,6,17.0,91.94,252.23,0,92.94,10,0
0,7,11.0,103.39,270.81,0,104.39,10,0
0,8,11.0,45.98,71.15,0,46.98,10,0
0,9,14.0,63.58,697.37,0,64.58,10,0
0,10,16.0,46.93,66.16,0,47.93,10,1
0,11,33.0,72.3,330.19,0,73.3,10,1
0,12,26.0,81.67,16.79,0,82.67,10,1
0,13,20.0,57.01,783.51,0,58.01,10,1
0,14,36.0,64.65,420.53,0,65.65,10,1
0,15,14.0,1.9,612.98,7,2.9,10,1
0,16,5.0,23.79,19.14,0,24.79,10,1
0,17,7.0,91.32,433.75,0,92.32,10,1
0,18,22.0,92.27,72.57,0,93.27,10,1
0,19,10.0,125.4,321.54,0,126.4,10,1
0,20,2.0,90.17,60.19,0,91.17,10,2
0,21,17.0,89.62,116.73,0,90.62,10,2
0,22,17.0,3.64,1803.17,568,4.640000000000001,10,2
0,23,5.0,0.31,298.31,4,1.31,10,2
0,24,14.0,107.01,101.03,0,108.01,10,2
0,25,20.0,67.78,6.5,0,68.78,10,2
0,26,16.0,3.11,116.86,9,4.109999999999999,10,2
0,27,26.0,38.88,77.22,0,39.88,10,2
0,28,3.0,56.36,57.3,0,57.36,10,2
0,29,26.0,36.62,40.88,0,37.62,10,2
0,30,3.0,73.21,236.67,0,74.21,10,3
0,31,11.0,88.03,669.07,0,89.03,10,3
0,32,1.0,70.1,77.54,0,71.1,10,3
0,33,16.0,118.59,102.8,0,119.59,10,3
0,34,11.0,37.13,149.25,0,38.13,10,3
0,35,38.0,55.81,311.77,0,56.81,10,3
0,36,21.0,74.95,734.71,0,75.95,10,3
0,37,11.0,74.45,6.37,0,75.45,10,3
0,38,40.0,30.73,3855.63,758,31.73,10,3
0,39,14.0,98.2,94.98,0,99.2,10,3
0,40,30.0,21.0,8231.630000000001,487,22.0,10,4
0,41,15.0,19.06,8.57,0,20.06,10,4
0,42,9.0,7.54,617.92,0,8.54,10,4
0,43,9.0,68.96,1.35,0,69.96,10,4
0,44,25.0,17.93,7491.1,166,18.93,10,4
0,45,2.0,61.54,231.91,0,62.54,10,4
0,46,12.0,23.25,37.7,0,24.25,10,4
0,47,20.0,50.04,588.71,0,51.04,10,4
0,48,18.0,20.29,724.2,0,21.29,10,4
0,49,15.0,66.88,19.18,0,67.88,10,4
0,0,24.0,71.43,30.52,0,72.43,11,0
0,1,7.0,19.21,171.05,0,20.21,11,0
0,2,4.0,61.23,10.25,0,62.23,11,0
0,3,7.0,66.11,58.57,0,67.11,11,0
0,4,5.0,72.65,10.77,0,73.65,11,0
0,5,21.0,96.79,28.49,0,97.79,11,0
0,6,17.0,91.94,125.44,0,92.94,11,0
0,7,15.0,100.05,124.09,0,101.05,11,0
0,8,11.0,45.98,71.15,0,46.98,11,0
0,9,14.0,59.61,549.66,0,60.61,11,0
0,10,16.0,46.93,66.16,0,47.93,11,1
0,11,36.0,73.87,230.58,0,74.87,11,1
0,12,26.0,81.67,16.79,0,82.67,11,1
0,13,23.0,57.96,659.93,0,58.96,11,1
0,14,40.0,67.94,433.51,70,68.94,11,1
0,15,22.0,1.9,1051.43,571,2.9,11,1
0,16,5.0,23.79,19.14,0,24.79,11,1
0,17,6.0,96.34,294.01,0,97.34,11,1
0,18,23.0,92.46,2.89,0,93.46,11,1
0,19,11.0,119.71,289.76,0,120.71,11,1
0,20,2.0,91.31,26.29,0,92.31,11,2
0,21,17.0,89.62,116.73,0,90.62,11,2
0,22,13.0,9.39,1737.69,0,10.39,11,2
0,23,9.0,7.61,288.31,0,8.61,11,2
0,24,21.0,109.41,88.39,0,110.41,11,2
0,25,20.0,67.78,6.5,0,68.78,11,2
0,26,16.0,3.11,116.86,0,4.109999999999999,11,2
0,27,26.0,38.88,77.22,0,39.88,11,2
0,28,3.0,56.36,57.3,0,57.36,11,2
0,29,24.0,35.34,34.68,0,36.34,11,2
0,30,3.0,76.46,110.64,0,77.46,11,3
0,31,6.0,84.85,617.33,0,85.85,11,3
0,32,1.0,70.1,77.54,0,71.1,11,3
0,33,21.0,111.83,21.63,0,112.83,11,3
0,34,11.0,37.13,149.25,0,38.13,11,3
0,35,37.0,57.84,161.78,0,58.84,11,3
0,36,22.0,75.27,671.91,0,76.27,11,3
0,37,11.0,74.45,6.37,0,75.45,11,3
0,38,39.0,25.97,4695.34,914,26.97,11,3
0,39,17.0,104.06,59.96,0,105.06,11,3
0,40,33.0,26.49,8156.54,0,27.49,11,4
0,41,15.0,19.06,8.57,0,20.06,11,4
0,42,12.0,9.71,491.72,0,10.71,11,4
0,43,9.0,68.96,1.35,0,69.96,11,4
0,44,24.0,17.7,7797.56,440,18.7,11,4
0,45,2.0,55.72,96.24,0,56.72,11,4
0,46,14.0,21.94,4.54,0,22.94,11,4
0,47,14.0,47.95,496.89,0,48.95,11,4
0,48,21.0,17.12,665.11,0,18.12,11,4
0,49,15.0,66.88,19.18,0,67.88,11,4
0,0,24.0,71.43,30.52,0,72.43,12,0
0,1,10.0,18.4,20.07,0,19.4,12,0
0,2,4.0,61.23,10.25,0,62.23,12,0
0,3,7.0,66.11,58.57,0,67.11,12,0
0,4,5.0,72.65,10.77,0,73.65,12,0
0,5,21.0,96.79,28.49,0,97.79,12,0
0,6,16.0,87.94,56.93,0,88.94,12,0
0,7,16.0,111.01,71.1,0,112.01,12,0
0,8,8.0,46.99,58.88,0,47.99,12,0
0,9,11.0,60.02,442.95,0,61.02,12,0
0,10,19.0,45.59,10.09,0,46.59,12,1
0,11,35.0,78.04,60.95,0,79.04,12,1
0,12,26.0,81.67,16.79,0,82.67,12,1
0,13,22.0,57.79,588.25,0,58.79,12,1
0,14,44.0,65.88,336.12,82,66.88,12,1
0,15,21.0,1.38,1560.43,519,2.38,12,1
0,16,5.0,23.79,19.14,0,24.79,12,1
0,17,4.0,95.97,211.79,0,96.97,12,1
0,18,23.0,92.46,2.89,0,93.46,12,1
0,19,13.0,122.89,133.14,0,123.89,12,1
0,20,2.0,91.31,26.29,0,92.31,12,2
0,21,17.0,89.62,116.73,0,90.62,12,2
0,22,17.0,3.64,1737.69,0,4.640000000000001,12,2
0,23,5.0,0.31,291.31,3,1.31,12,2
0,24,25.0,113.22,34.48,0,114.22,12,2
0,25,20.0,67.78,6.5,0,68.78,12,2
0,26,16.0,3.11,116.86,0,4.109999999999999,12,2
0,27,26.0,38.88,77.22,0,39.88,12,2
0,28,3.0,56.36,57.3,0,57.36,12,2
0,29,24.0,35.34,34.68,0,36.34,12,2
0,30,5.0,75.36,26.15,0,76.36,12,3
0,31,7.0,83.55,492.68,0,84.55,12,3
0,32,1.0,72.15,24.57,0,73.15,12,3
0,33,21.0,111.83,21.63,0,112.83,12,3
0,34,10.0,37.49,1.86,0,38.49,12,3
0,35,37.0,53.8,-6059.340000000012,0,54.8,12,3
0,36,22.0,80.14,588.8,0,81.14,12,3
0,37,11.0,74.45,6.37,0,75.45,12,3
0,38,35.0,28.13,5274.3,687,29.13,12,3
0,39,17.0,104.06,59.96,0,105.06,12,3
0,40,30.0,21.0,8519.54,363,22.0,12,4
0,41,15.0,19.06,8.57,0,20.06,12,4
0,42,7.0,13.95,481.72,0,14.95,12,4
0,43,9.0,68.96,1.35,0,69.96,12,4
0,44,26.0,20.34,7700.49,29,21.34,12,4
0,45,1.0,59.2,13.38,0,60.2,12,4
0,46,14.0,21.94,4.54,0,22.94,12,4
0,47,16.0,48.92,486.89,0,49.92,12,4
0,48,24.0,16.52,752.0,203,17.52,12,4
0,49,15.0,66.88,19.18,0,67.88,12,4
0,0,24.0,82.47,15.05,0,83.47,13,0
0,1,10.0,18.4,20.07,0,19.4,13,0
0,2,4.0,61.23,10.25,0,62.23,13,0
0,3,7.0,66.11,58.57,0,67.11,13,0
0,4,5.0,72.65,10.77,0,73.65,13,0
0,5,21.0,96.79,28.49,0,97.79,13,0
0,6,24.0,83.07,46.93,0,84.07,13,0
0,7,12.0,111.27,4.4,0,112.27,13,0
0,8,8.0,46.99,58.88,0,47.99,13,0
0,9,10.0,66.6,330.99,0,67.6,13,0
0,10,19.0,45.59,10.09,0,46.59,13,1
0,11,37.0,71.99,4.11,0,72.99,13,1
0,12,26.0,81.67,16.79,0,82.67,13,1
0,13,23.0,59.32,461.22,0,60.32,13,1
0,14,45.0,69.54,234.90000000000003,65,70.54,13,1
0,15,20.0,3.37,2078.33,643,4.37,13,1
0,16,5.0,23.79,19.14,0,24.79,13,1
0,17,4.0,88.08,106.42,0,89.08,13,1
0,18,23.0,92.46,2.89,0,93.46,13,1
0,19,16.0,131.21,13.78,0,132.21,13,1
0,20,2.0,91.31,26.29,0,92.31,13,2
0,21,19.0,82.33,89.54,0,83.33,13,2
0,22,14.0,3.13,1698.0,0,4.13,13,2
0,23,2.0,1.8,77.27,7,2.8,13,2
0,24,25.0,113.22,34.48,0,114.22,13,2
0,25,20.0,67.78,6.5,0,68.78,13,2
0,26,16.0,3.11,123.86,7,4.109999999999999,13,2
0,27,25.0,43.03,69.03,0,44.03,13,2
0,28,3.0,60.06,33.62,0,61.06,13,2
0,29,24.0,35.34,34.68,0,36.34,13,2
0,30,5.0,75.36,26.15,0,76.36,13,3
0,31,4.0,81.61,407.02,0,82.61,13,3
0,32,7.0,73.94,14.57,0,74.94,13,3
0,33,21.0,111.83,21.63,0,112.83,13,3
0,34,10.0,37.49,1.86,0,38.49,13,3
0,35,37.0,53.8,-6059.340000000012,0,0.0,13,3
0,36,17.0,86.31,430.07,0,87.31,13,3
0,37,11.0,74.45,6.37,0,75.45,13,3
0,38,37.0,32.78,5749.42,610,33.78,13,3
0,39,17.0,104.06,59.96,0,105.06,13,3
0,40,32.0,31.52,8399.0,46,32.519999999999996,13,4
0,41,15.0,19.06,8.57,0,20.06,13,4
0,42,3.0,7.33,437.28,0,8.33,13,4
0,43,9.0,68.96,1.35,0,69.96,13,4
0,44,29.0,19.24,8184.03,617,20.24,13,4
0,45,1.0,59.2,13.38,0,60.2,13,4
0,46,14.0,21.94,4.54,0,22.94,13,4
0,47,21.0,48.17,277.09,0,49.17,13,4
0,48,14.0,16.56,593.92,0,17.56,13,4
0,49,15.0,66.88,19.18,0,67.88,13,4
0,0,24.0,82.47,15.05,0,83.47,14,0
0,1,10.0,18.4,20.07,0,19.4,14,0
0,2,4.0,61.23,10.25,0,62.23,14,0
0,3,9.0,62.44,6.28,0,63.44,14,0
0,4,5.0,72.65,10.77,0,73.65,14,0
0,5,21.0,96.79,28.49,0,97.79,14,0
0,6,24.0,83.07,46.93,0,84.07,14,0
0,7,12.0,111.27,4.4,0,112.27,14,0
0,8,8.0,46.99,58.88,0,47.99,14,0
0,9,9.0,68.39,230.91,0,69.39,14,0
0,10,19.0,45.59,10.09,0,46.59,14,1
0,11,37.0,71.99,-715.7900000000001,0,72.99,14,1
0,12,29.0,81.29,10.3,0,82.29,14,1
0,13,25.0,64.82,336.89,0,65.82,14,1
0,14,47.0,76.15,178.9,43,77.15,14,1
0,15,15.0,0.01,2550.76,522,1.01,14,1
0,16,5.0,23.79,19.14,0,24.79,14,1
0,17,3.0,95.68,39.55,0,96.68,14,1
0,18,23.0,92.46,2.89,0,93.46,14,1
0,19,16.0,131.21,13.78,0,132.21,14,1
0,20,2.0,91.31,26.29,0,92.31,14,2
0,21,13.0,77.63,6.83,0,78.63,14,2
0,22,14.0,5.9,1566.91,0,6.9,14,2
0,23,3.0,9.8,47.28,0,10.8,14,2
0,24,25.0,113.22,34.48,0,114.22,14,2
0,25,20.0,67.78,6.5,0,68.78,14,2
0,26,13.0,3.11,80.41,0,4.109999999999999,14,2
0,27,25.0,43.03,69.03,0,44.03,14,2
0,28,3.0,60.06,33.62,0,61.06,14,2
0,29,24.0,35.34,34.68,0,36.34,14,2
0,30,5.0,75.36,26.15,0,76.36,14,3
0,31,4.0,82.15,351.53,0,83.15,14,3
0,32,7.0,73.94,14.57,0,74.94,14,3
0,33,21.0,111.83,21.63,0,112.83,14,3
0,34,10.0,37.49,1.86,0,38.49,14,3
0,35,37.0,53.8,-6059.340000000012,0,0.0,14,3
0,36,19.0,82.51,308.9,0,83.51,14,3
0,37,11.0,74.45,6.37,0,75.45,14,3
0,38,32.0,36.62,5706.33,0,37.62,14,3
0,39,17.0,104.06,59.96,0,105.06,14,3
0,40,33.0,28.33,9183.9,818,29.33,14,4
0,41,15.0,19.06,8.57,0,20.06,14,4
0,42,9.0,3.62,372.38,0,4.62,14,4
0,43,9.0,68.96,1.35,0,69.96,14,4
0,44,31.0,23.04,8274.140000000001,260,24.04,14,4
0,45,1.0,59.2,13.38,0,60.2,14,4
0,46,14.0,21.94,4.54,0,22.94,14,4
0,47,18.0,44.0,146.25,0,45.0,14,4
0,48,24.0,16.52,939.92,346,17.52,14,4
0,49,15.0,66.88,19.18,0,67.88,14,4
0,0,24.0,82.47,15.05,0,83.47,15,0
0,1,10.0,18.4,20.07,0,19.4,15,0
0,2,4.0,61.23,10.25,0,62.23,15,0
0,3,9.0,62.44,6.28,0,63.44,15,0
0,4,5.0,72.65,10.77,0,73.65,15,0
0,5,21.0,96.79,28.49,0,97.79,15,0
0,6,24.0,83.07,46.93,0,84.07,15,0
0,7,12.0,111.27,4.4,0,112.27,15,0
0,8,8.0,46.99,58.88,0,47.99,15,0
0,9,9.0,65.78,41.27,0,66.78,15,0
0,10,19.0,45.59,10.09,0,46.59,15,1
0,11,37.0,71.99,-715.7900000000001,0,0.0,15,1
0,12,29.0,81.29,10.3,0,82.29,15,1
0,13,27.0,68.17,216.54,0,69.17,15,1
0,14,46.0,81.84,124.09,26,82.84,15,1
0,15,14.0,0.01,2456.26,11,1.01,15,1
0,16,5.0,23.79,19.14,0,24.79,15,1
0,17,3.0,95.68,39.55,0,96.68,15,1
0,18,23.0,92.46,2.89,0,93.46,15,1
0,19,16.0,131.21,13.78,0,132.21,15,1
0,20,2.0,91.31,26.29,0,92.31,15,2
0,21,13.0,77.63,6.83,0,78.63,15,2
0,22,11.0,9.74,1425.79,0,10.74,15,2
0,23,2.0,1.8,47.28,0,2.8,15,2
0,24,25.0,113.22,34.48,0,114.22,15,2
0,25,20.0,67.78,6.5,0,68.78,15,2
0,26,16.0,3.11,185.40999999999997,105,4.109999999999999,15,2
0,27,25.0,43.03,69.03,0,44.03,15,2
0,28,3.0,60.06,33.62,0,61.06,15,2
0,29,24.0,35.34,34.68,0,36.34,15,2
0,30,5.0,75.36,26.15,0,76.36,15,3
0,31,9.0,73.21,158.75,0,74.21,15,3
0,32,7.0,73.94,14.57,0,74.94,15,3
0,33,21.0,111.83,21.63,0,112.83,15,3
0,34,10.0,37.49,1.86,0,38.49,15,3
0,35,37.0,53.8,-6059.340000000012,0,0.0,15,3
0,36,22.0,80.44,151.68,0,81.44,15,3
0,37,11.0,74.45,6.37,0,75.45,15,3
0,38,37.0,32.78,6355.33,649,33.78,15,3
0,39,17.0,104.06,59.96,0,105.06,15,3
0,40,29.0,26.75,9110.01,0,27.75,15,4
0,41,15.0,19.06,8.57,0,20.06,15,4
0,42,12.0,3.14,282.08,0,4.140000000000001,15,4
0,43,9.0,68.96,1.35,0,69.96,15,4
0,44,34.0,19.56,8853.77,642,20.56,15,4
0,45,1.0,59.2,13.38,0,60.2,15,4
0,46,14.0,21.94,4.54,0,22.94,15,4
0,47,23.0,39.5,75.05,0,40.5,15,4
0,48,27.0,7.82,1394.94,566,8.82,15,4
0,49,15.0,66.88,19.18,0,67.88,15,4
0,0,24.0,82.47,15.05,0,83.47,16,0
0,1,10.0,18.4,20.07,0,19.4,16,0
0,2,4.0,61.23,10.25,0,62.23,16,0
0,3,9.0,62.44,6.28,0,63.44,16,0
0,4,5.0,72.65,10.77,0,73.65,16,0
0,5,21.0,96.79,28.49,0,97.79,16,0
0,6,24.0,83.07,46.93,0,84.07,16,0
0,7,12.0,111.27,4.4,0,112.27,16,0
0,8,8.0,46.99,58.88,0,47.99,16,0
0,9,13.0,66.05,28.56,0,67.05,16,0
0,10,19.0,45.59,10.09,0,46.59,16,1
0,11,37.0,71.99,-715.7900000000001,0,0.0,16,1
0,12,29.0,81.29,10.3,0,82.29,16,1
0,13,30.0,65.74,167.36,0,66.74,16,1
0,14,45.0,88.53,-1070.5099999999998,0,89.53,16,1
0,15,15.0,0.01,2741.57,432,1.01,16,1
0,16,5.0,23.79,19.14,0,24.79,16,1
0,17,3.0,95.68,39.55,0,96.68,16,1
0,18,23.0,92.46,2.89,0,93.46,16,1
0,19,21.0,128.91,3.78,0,129.91,16,1
0,20,2.0,91.31,26.29,0,92.31,16,2
0,21,13.0,77.63,6.83,0,78.63,16,2
0,22,5.0,10.48,1354.12,0,11.48,16,2
0,23,2.0,1.8,47.28,0,2.8,16,2
0,24,25.0,113.22,34.48,0,114.22,16,2
0,25,20.0,67.78,6.5,0,68.78,16,2
0,26,14.0,3.11,112.41,0,4.109999999999999,16,2
0,27,25.0,43.03,69.03,0,44.03,16,2
0,28,3.0,60.06,33.62,0,61.06,16,2
0,29,24.0,35.34,34.68,0,36.34,16,2
0,30,5.0,75.36,26.15,0,76.36,16,3
0,31,6.0,79.44,136.81,0,80.44,16,3
0,32,7.0,73.94,14.57,0,74.94,16,3
0,33,21.0,111.83,21.63,0,112.83,16,3
0,34,10.0,37.49,1.86,0,38.49,16,3
0,35,37.0,53.8,-6059.340000000012,0,0.0,16,3
0,36,25.0,71.15,7.46,0,72.15,16,3
0,37,11.0,74.45,6.37,0,75.45,16,3
0,38,43.0,32.57,6987.34,668,33.57,16,3
0,39,17.0,104.06,59.96,0,105.06,16,3
0,40,33.0,28.33,9110.01,0,29.33,16,4
0,41,15.0,19.06,8.57,0,20.06,16,4
0,42,14.0,0.16,152.98,0,1.16,16,4
0,43,9.0,68.96,1.35,0,69.96,16,4
0,44,34.0,25.1,9061.56,350,26.1,16,4
0,45,1.0,59.2,13.38,0,60.2,16,4
0,46,14.0,21.94,4.54,0,22.94,16,4
0,47,23.0,39.5,75.05,0,40.5,16,4
0,48,28.0,14.55,1850.04,536,15.55,16,4
0,49,12.0,71.14,5.8,0,72.14,16,4
0,0,24.0,82.47,15.05,0,83.47,17,0
0,1,10.0,18.4,20.07,0,19.4,17,0
0,2,2.0,55.98,0.25,0,56.98,17,0
0,3,9.0,62.44,6.28,0,63.44,17,0
0,4,5.0,72.65,10.77,0,73.65,17,0
0,5,21.0,96.79,28.49,0,97.79,17,0
0,6,24.0,83.07,46.93,0,84.07,17,0
0,7,12.0,111.27,4.4,0,112.27,17,0
0,8,8.0,46.99,58.88,0,47.99,17,0
0,9,11.0,61.67,18.56,0,62.67,17,0
0,10,14.0,47.28,9.67,0,48.28,17,1
0,11,37.0,71.99,-715.7900000000001,0,0.0,17,1
0,12,29.0,81.29,10.3,0,82.29,17,1
0,13,30.0,72.68,28.26,0,73.68,17,1
0,14,46.0,81.84,-1070.5099999999998,0,0.0,17,1
0,15,15.0,2.25,2650.55,6,3.25,17,1
0,16,5.0,23.79,19.14,0,24.79,17,1
0,17,3.0,95.68,39.55,0,96.68,17,1
0,18,23.0,92.46,2.89,0,93.46,17,1
0,19,21.0,128.91,3.78,0,129.91,17,1
0,20,2.0,91.31,26.29,0,92.31,17,2
0,21,13.0,77.63,6.83,0,78.63,17,2
0,22,5.0,14.15,1241.02,0,15.15,17,2
0,23,2.0,1.8,47.28,0,2.8,17,2
0,24,25.0,113.22,34.48,0,114.22,17,2
0,25,20.0,67.78,6.5,0,68.78,17,2
0,26,16.0,3.11,565.41,453,4.109999999999999,17,2
0,27,25.0,43.03,69.03,0,44.03,17,2
0,28,3.0,60.06,33.62,0,61.06,17,2
0,29,24.0,35.34,34.68,0,36.34,17,2
0,30,5.0,75.36,26.15,0,76.36,17,3
0,31,6.0,79.44,136.81,0,80.44,17,3
0,32,7.0,73.94,14.57,0,74.94,17,3
0,33,21.0,111.83,21.63,0,112.83,17,3
0,34,10.0,37.49,1.86,0,38.49,17,3
0,35,37.0,53.8,-6059.340000000012,0,0.0,17,3
0,36,25.0,71.15,7.46,0,72.15,17,3
0,37,11.0,74.45,6.37,0,75.45,17,3
0,38,46.0,29.45,7704.86,822,30.45,17,3
0,39,18.0,110.58,19.39,0,111.58,17,3
0,40,27.0,36.7,9045.93,0,37.7,17,4
0,41,15.0,19.06,8.57,0,20.06,17,4
0,42,14.0,0.16,157.98,5,1.16,17,4
0,43,9.0,68.96,1.35,0,69.96,17,4
0,44,33.0,15.57,9657.81,695,16.57,17,4
0,45,1.0,59.2,13.38,0,60.2,17,4
0,46,14.0,21.94,4.54,0,22.94,17,4
0,47,23.0,39.5,75.05,0,40.5,17,4
0,48,26.0,15.15,1752.93,18,16.15,17,4
0,49,12.0,71.14,5.8,0,72.14,17,4
0,0,24.0,82.47,15.05,0,83.47,18,0
0,1,10.0,18.4,20.07,0,19.4,18,0
0,2,2.0,55.98,0.25,0,56.98,18,0
0,3,9.0,62.44,6.28,0,63.44,18,0
0,4,5.0,72.65,10.77,0,73.65,18,0
0,5,21.0,96.79,28.49,0,97.79,18,0
0,6,24.0,83.07,46.93,0,84.07,18,0
0,7,12.0,111.27,4.4,0,112.27,18,0
0,8,8.0,46.99,58.88,0,47.99,18,0
0,9,11.0,61.67,18.56,0,62.67,18,0
0,10,14.0,47.28,9.67,0,48.28,18,1
0,11,37.0,71.99,-715.7900000000001,0,0.0,18,1
0,12,29.0,81.29,10.3,0,82.29,18,1
0,13,30.0,72.68,28.26,0,73.68,18,1
0,14,46.0,81.84,-1070.5099999999998,0,0.0,18,1
0,15,13.0,2.25,2465.51,0,3.25,18,1
0,16,5.0,23.79,19.14,0,24.79,18,1
0,17,3.0,95.68,39.55,0,96.68,18,1
0,18,23.0,92.46,2.89,0,93.46,18,1
0,19,21.0,128.91,3.78,0,129.91,18,1
0,20,2.0,91.31,26.29,0,92.31,18,2
0,21,13.0,77.63,6.83,0,78.63,18,2
0,22,5.0,19.51,1147.63,0,20.51,18,2
0,23,2.0,1.8,47.28,0,2.8,18,2
0,24,31.0,112.75,4.22,0,113.75,18,2
0,25,20.0,67.78,6.5,0,68.78,18,2
0,26,19.0,4.13,847.94,377,5.13,18,2
0,27,26.0,44.44,39.41,0,45.44,18,2
0,28,3.0,60.06,33.62,0,61.06,18,2
0,29,24.0,35.34,34.68,0,36.34,18,2
0,30,5.0,75.36,26.15,0,76.36,18,3
0,31,6.0,79.44,136.81,0,80.44,18,3
0,32,7.0,73.94,14.57,0,74.94,18,3
0,33,21.0,111.83,21.63,0,112.83,18,3
0,34,10.0,37.49,1.86,0,38.49,18,3
0,35,37.0,53.8,-6059.340000000012,0,0.0,18,3
0,36,25.0,71.15,7.46,0,72.15,18,3
0,37,11.0,74.45,6.37,0,75.45,18,3
0,38,51.0,30.36,8414.84,780,31.36,18,3
0,39,18.0,110.58,19.39,0,111.58,18,3
0,40,26.0,44.2,8919.78,0,45.2,18,4
0,41,15.0,19.06,8.57,0,20.06,18,4
0,42,14.0,0.16,158.92000000000002,32,1.16,18,4
0,43,9.0,68.96,1.35,0,69.96,18,4
0,44,29.0,14.04,10378.66,810,15.04,18,4
0,45,1.0,59.2,13.38,0,60.2,18,4
0,46,14.0,21.94,4.54,0,22.94,18,4
0,47,23.0,39.5,75.05,0,40.5,18,4
0,48,29.0,14.55,1581.74,0,15.55,18,4
0,49,12.0,71.14,5.8,0,72.14,18,4
0,0,22.0,79.43,3.42,0,80.43,19,0
0,1,10.0,18.4,20.07,0,19.4,19,0
0,2,2.0,55.98,0.25,0,56.98,19,0
0,3,9.0,62.44,6.28,0,63.44,19,0
0,4,5.0,72.65,10.77,0,73.65,19,0
0,5,21.0,96.79,28.49,0,97.79,19,0
0,6,24.0,83.07,46.93,0,84.07,19,0
0,7,12.0,111.27,4.4,0,112.27,19,0
0,8,8.0,46.99,58.88,0,47.99,19,0
0,9,11.0,61.67,18.56,0,62.67,19,0
0,10,14.0,47.28,9.67,0,48.28,19,1
0,11,37.0,71.99,-715.7900000000001,0,0.0,19,1
0,12,29.0,81.29,10.3,0,82.29,19,1
0,13,30.0,72.68,28.26,0,73.68,19,1
0,14,46.0,81.84,-1070.5099999999998,0,0.0,19,1
0,15,15.0,2.25,2470.51,5,3.25,19,1
0,16,5.0,23.79,19.14,0,24.79,19,1
0,17,3.0,95.68,39.55,0,96.68,19,1
0,18,23.0,92.46,2.89,0,93.46,19,1
0,19,21.0,128.91,3.78,0,129.91,19,1
0,20,2.0,91.31,26.29,0,92.31,19,2
0,21,13.0,77.63,6.83,0,78.63,19,2
0,22,9.0,19.07,1039.24,0,20.07,19,2
0,23,2.0,1.8,47.28,0,2.8,19,2
0,24,31.0,112.75,4.22,0,113.75,19,2
0,25,20.0,67.78,6.5,0,68.78,19,2
0,26,20.0,2.98,725.67,50,3.98,19,2
0,27,26.0,44.44,39.41,0,45.44,19,2
0,28,3.0,60.06,33.62,0,61.06,19,2
0,29,24.0,35.34,34.68,0,36.34,19,2
0,30,5.0,75.36,26.15,0,76.36,19,3
0,31,5.0,77.35,46.49,0,78.35,19,3
0,32,7.0,73.94,14.57,0,74.94,19,3
0,33,21.0,111.83,21.63,0,112.83,19,3
0,34,10.0,37.49,1.86,0,38.49,19,3
0,35,37.0,53.8,-6059.340000000012,0,0.0,19,3
0,36,25.0,71.15,7.46,0,72.15,19,3
0,37,11.0,74.45,6.37,0,75.45,19,3
0,38,48.0,27.37,9231.57,922,28.37,19,3
0,39,18.0,110.58,19.39,0,111.58,19,3
0,40,28.0,46.7,8802.7,0,47.7,19,4
0,41,15.0,19.06,8.57,0,20.06,19,4
0,42,12.0,1.15,56.6,3,2.15,19,4
0,43,9.0,68.96,1.35,0,69.96,19,4
0,44,24.0,5.81,10719.61,404,6.81,19,4
0,45,1.0,63.96,6.05,0,64.96000000000001,19,4
0,46,14.0,21.94,4.54,0,22.94,19,4
0,47,24.0,32.73,5.67,0,33.73,19,4
0,48,26.0,15.15,2194.74,613,16.15,19,4
0,49,12.0,71.14,5.8,0,72.14,19,4
0,0,22.0,79.43,3.42,0,80.43,20,0
0,1,9.0,28.81,10.07,0,29.81,20,0
0,2,2.0,55.98,0.25,0,56.98,20,0
0,3,9.0,62.44,6.28,0,63.44,20,0
0,4,5.0,72.65,10.77,0,73.65,20,0
0,5,21.0,96.79,28.49,0,97.79,20,0
0,6,24.0,83.07,46.93,0,84.07,20,0
0,7,12.0,111.27,4.4,0,112.27,20,0
0,8,2.0,49.8,13.96,0,50.8,20,0
0,9,11.0,61.67,18.56,0,62.67,20,0
0,10,14.0,47.28,9.67,0,48.28,20,1
0,11,37.0,71.99,-715.7900000000001,0,0.0,20,1
0,12,29.0,81.29,10.3,0,82.29,20,1
0,13,30.0,72.68,28.26,0,73.68,20,1
0,14,46.0,81.84,-1070.5099999999998,0,0.0,20,1
0,15,16.0,1.33,2402.96,57,2.33,20,1
0,16,5.0,23.79,19.14,0,24.79,20,1
0,17,3.0,96.32,24.23,0,97.32,20,1
0,18,23.0,92.46,2.89,0,93.46,20,1
0,19,21.0,128.91,3.78,0,129.91,20,1
0,20,2.0,91.31,26.29,0,92.31,20,2
0,21,13.0,77.63,6.83,0,78.63,20,2
0,22,11.0,14.38,924.74,0,15.38,20,2
0,23,2.0,1.8,47.28,0,2.8,20,2
0,24,31.0,112.75,4.22,0,113.75,20,2
0,25,20.0,67.78,6.5,0,68.78,20,2
0,26,26.0,6.25,1630.85,1087,7.25,20,2
0,27,23.0,43.47,19.74,0,44.47,20,2
0,28,3.0,60.06,33.62,0,61.06,20,2
0,29,24.0,35.34,34.68,0,36.34,20,2
0,30,5.0,75.36,26.15,0,76.36,20,3
0,31,5.0,77.35,46.49,0,78.35,20,3
0,32,7.0,73.94,14.57,0,74.94,20,3
0,33,21.0,111.83,21.63,0,112.83,20,3
0,34,10.0,37.49,1.86,0,38.49,20,3
0,35,37.0,53.8,-6059.340000000012,0,0.0,20,3
0,36,25.0,71.15,7.46,0,72.15,20,3
0,37,11.0,74.45,6.37,0,75.45,20,3
0,38,39.0,29.01,10062.98,840,30.01,20,3
0,39,18.0,110.58,19.39,0,111.58,20,3
0,40,23.0,43.89,8744.94,0,44.89,20,4
0,41,15.0,19.06,8.57,0,20.06,20,4
0,42,12.0,1.15,57.6,1,2.15,20,4
0,43,9.0,68.96,1.35,0,69.96,20,4
0,44,24.0,5.81,10598.44,12,6.81,20,4
0,45,1.0,63.96,6.05,0,64.96000000000001,20,4
0,46,14.0,21.94,4.54,0,22.94,20,4
0,47,24.0,32.73,5.67,0,33.73,20,4
0,48,26.0,11.34,2080.19,0,12.34,20,4
0,49,12.0,71.14,5.8,0,72.14,20,4
0,0,22.0,79.43,3.42,0,80.43,21,0
0,1,9.0,28.81,10.07,0,29.81,21,0
0,2,2.0,55.98,0.25,0,56.98,21,0
0,3,9.0,62.44,6.28,0,63.44,21,0
0,4,5.0,72.65,10.77,0,73.65,21,0
0,5,21.0,96.79,28.49,0,97.79,21,0
0,6,24.0,83.07,46.93,0,84.07,21,0
0,7,12.0,111.27,4.4,0,112.27,21,0
0,8,2.0,49.8,13.96,0,50.8,21,0
0,9,11.0,61.67,18.56,0,62.67,21,0
0,10,14.0,47.28,9.67,0,48.28,21,1
0,11,37.0,71.99,-715.7900000000001,0,0.0,21,1
0,12,29.0,81.29,10.3,0,82.29,21,1
0,13,30.0,72.68,28.26,0,73.68,21,1
0,14,46.0,81.84,-1070.5099999999998,0,0.0,21,1
0,15,15.0,0.15,2306.3,42,1.15,21,1
0,16,5.0,23.79,19.14,0,24.79,21,1
0,17,3.0,96.32,24.23,0,97.32,21,1
0,18,23.0,92.46,2.89,0,93.46,21,1
0,19,21.0,128.91,3.78,0,129.91,21,1
0,20,2.0,91.31,26.29,0,92.31,21,2
0,21,13.0,77.63,6.83,0,78.63,21,2
0,22,3.0,14.22,833.9,0,15.22,21,2
0,23,2.0,1.8,37.28,0,2.8,21,2
0,24,31.0,112.75,4.22,0,113.75,21,2
0,25,20.0,67.78,6.5,0,68.78,21,2
0,26,29.0,6.25,2808.5299999999997,1251,7.25,21,2
0,27,23.0,43.47,19.74,0,44.47,21,2
0,28,3.0,60.06,33.62,0,61.06,21,2
0,29,24.0,35.34,34.68,0,36.34,21,2
0,30,5.0,75.36,26.15,0,76.36,21,3
0,31,5.0,77.35,46.49,0,78.35,21,3
0,32,7.0,73.94,14.57,0,74.94,21,3
0,33,21.0,111.83,21.63,0,112.83,21,3
0,34,10.0,37.49,1.86,0,38.49,21,3
0,35,37.0,53.8,-6059.340000000012,0,0.0,21,3
0,36,25.0,71.15,7.46,0,72.15,21,3
0,37,11.0,74.45,6.37,0,75.45,21,3
0,38,35.0,32.74,10600.71,676,33.74,21,3
0,39,18.0,110.58,19.39,0,111.58,21,3
0,40,23.0,44.53,8718.95,0,45.53,21,4
0,41,15.0,19.06,8.57,0,20.06,21,4
0,42,13.0,5.65,23.35,0,6.65,21,4
0,43,9.0,68.96,1.35,0,69.96,21,4
0,44,25.0,4.68,10561.92,30,5.68,21,4
0,45,1.0,63.96,6.05,0,64.96000000000001,21,4
0,46,14.0,21.94,4.54,0,22.94,21,4
0,47,24.0,32.73,5.67,0,33.73,21,4
0,48,26.0,15.15,2080.19,0,16.15,21,4
0,49,12.0,71.14,5.8,0,72.14,21,4
0,0,22.0,79.43,3.42,0,80.43,22,0
0,1,9.0,28.81,10.07,0,29.81,22,0
0,2,2.0,55.98,0.25,0,56.98,22,0
0,3,9.0,62.44,6.28,0,63.44,22,0
0,4,5.0,72.65,10.77,0,73.65,22,0
0,5,21.0,96.79,28.49,0,97.79,22,0
0,6,24.0,83.07,46.93,0,84.07,22,0
0,7,12.0,111.27,4.4,0,112.27,22,0
0,8,2.0,49.8,13.96,0,50.8,22,0
0,9,11.0,61.67,18.56,0,62.67,22,0
0,10,14.0,47.28,9.67,0,48.28,22,1
0,11,37.0,71.99,-715.7900000000001,0,0.0,22,1
0,12,29.0,81.29,10.3,0,82.29,22,1
0,13,30.0,72.68,28.26,0,73.68,22,1
0,14,46.0,81.84,-1070.5099999999998,0,0.0,22,1
0,15,20.0,0.13,2490.3,194,1.13,22,1
0,16,3.0,15.5,9.14,0,16.5,22,1
0,17,3.0,96.32,24.23,0,97.32,22,1
0,18,23.0,92.46,2.89,0,93.46,22,1
0,19,21.0,128.91,3.78,0,129.91,22,1
0,20,2.0,91.31,26.29,0,92.31,22,2
0,21,13.0,77.63,6.83,0,78.63,22,2
0,22,8.0,18.95,760.13,0,19.95,22,2
0,23,2.0,1.8,37.28,0,2.8,22,2
0,24,31.0,112.75,4.22,0,113.75,22,2
0,25,20.0,67.78,6.5,0,68.78,22,2
0,26,30.0,9.68,3595.26,940,10.68,22,2
0,27,25.0,49.97,8.4,0,50.97,22,2
0,28,4.0,54.81,22.86,0,55.81,22,2
0,29,24.0,35.34,34.68,0,36.34,22,2
0,30,5.0,75.36,26.15,0,76.36,22,3
0,31,5.0,77.35,46.49,0,78.35,22,3
0,32,7.0,73.94,14.57,0,74.94,22,3
0,33,21.0,111.83,21.63,0,112.83,22,3
0,34,10.0,37.49,1.86,0,38.49,22,3
0,35,37.0,53.8,-6059.340000000012,0,0.0,22,3
0,36,25.0,71.15,7.46,0,72.15,22,3
0,37,11.0,74.45,6.37,0,75.45,22,3
0,38,35.0,28.46,11320.53,865,29.46,22,3
0,39,18.0,110.58,19.39,0,111.58,22,3
0,40,25.0,38.86,8535.25,0,39.86,22,4
0,41,15.0,19.06,8.57,0,20.06,22,4
0,42,12.0,1.15,23.35,0,2.15,22,4
0,43,9.0,68.96,1.35,0,69.96,22,4
0,44,23.0,15.55,10456.25,0,16.55,22,4
0,45,1.0,63.96,6.05,0,64.96000000000001,22,4
0,46,14.0,21.94,4.54,0,22.94,22,4
0,47,24.0,32.73,5.67,0,33.73,22,4
0,48,27.0,22.6,2005.11,0,23.6,22,4
0,49,12.0,71.14,5.8,0,72.14,22,4
0,0,22.0,79.43,3.42,0,80.43,23,0
0,1,9.0,28.81,10.07,0,29.81,23,0
0,2,2.0,55.98,0.25,0,56.98,23,0
0,3,9.0,62.44,6.28,0,63.44,23,0
0,4,5.0,72.65,10.77,0,73.65,23,0
0,5,21.0,96.79,28.49,0,97.79,23,0
0,6,27.0,82.98,8.69,0,83.98,23,0
0,7,12.0,111.27,4.4,0,112.27,23,0
0,8,2.0,49.8,13.96,0,50.8,23,0
0,9,13.0,63.14,8.56,0,64.14,23,0
0,10,14.0,47.28,9.67,0,48.28,23,1
0,11,37.0,71.99,-715.7900000000001,0,0.0,23,1
0,12,29.0,81.29,10.3,0,82.29,23,1
0,13,30.0,72.68,28.26,0,73.68,23,1
0,14,46.0,81.84,-1070.5099999999998,0,0.0,23,1
0,15,21.0,0.13,2421.17,42,1.13,23,1
0,16,3.0,15.5,9.14,0,16.5,23,1
0,17,3.0,96.32,24.23,0,97.32,23,1
0,18,23.0,92.46,2.89,0,93.46,23,1
0,19,21.0,128.91,3.78,0,129.91,23,1
0,20,2.0,91.31,26.29,0,92.31,23,2
0,21,13.0,77.63,6.83,0,78.63,23,2
0,22,4.0,16.18,703.19,0,17.18,23,2
0,23,2.0,1.8,37.28,0,2.8,23,2
0,24,31.0,112.75,4.22,0,113.75,23,2
0,25,20.0,67.78,6.5,0,68.78,23,2
0,26,28.0,5.99,4446.85,931,6.99,23,2
0,27,25.0,49.97,8.4,0,50.97,23,2
0,28,4.0,54.81,22.86,0,55.81,23,2
0,29,24.0,35.34,34.68,0,36.34,23,2
0,30,5.0,75.36,26.15,0,76.36,23,3
0,31,5.0,77.35,46.49,0,78.35,23,3
0,32,7.0,73.94,14.57,0,74.94,23,3
0,33,21.0,111.83,21.63,0,112.83,23,3
0,34,10.0,37.49,1.86,0,38.49,23,3
0,35,37.0,53.8,-6059.340000000012,0,0.0,23,3
0,36,25.0,71.15,7.46,0,72.15,23,3
0,37,11.0,74.45,6.37,0,75.45,23,3
0,38,39.0,25.64,12205.15,1005,26.64,23,3
0,39,18.0,110.58,19.39,0,111.58,23,3
0,40,23.0,36.51,8410.91,0,37.51,23,4
0,41,15.0,19.06,8.57,0,20.06,23,4
0,42,12.0,1.15,23.35,0,2.15,23,4
0,43,9.0,68.96,1.35,0,69.96,23,4
0,44,25.0,4.68,10477.25,21,5.68,23,4
0,45,1.0,63.96,6.05,0,64.96000000000001,23,4
0,46,14.0,21.94,4.54,0,22.94,23,4
0,47,24.0,32.73,5.67,0,33.73,23,4
0,48,24.0,20.31,1845.86,0,21.31,23,4
0,49,12.0,71.14,5.8,0,72.14,23,4
0,0,22.0,79.43,3.42,0,80.43,24,0
0,1,9.0,28.81,10.07,0,29.81,24,0
0,2,2.0,55.98,0.25,0,56.98,24,0
0,3,9.0,62.44,6.28,0,63.44,24,0
0,4,5.0,72.65,10.77,0,73.65,24,0
0,5,21.0,96.79,28.49,0,97.79,24,0
0,6,27.0,82.98,8.69,0,83.98,24,0
0,7,12.0,111.27,4.4,0,112.27,24,0
0,8,2.0,49.8,13.96,0,50.8,24,0
0,9,13.0,63.14,8.56,0,64.14,24,0
0,10,14.0,47.28,9.67,0,48.28,24,1
0,11,37.0,71.99,-715.7900000000001,0,0.0,24,1
0,12,29.0,81.29,10.3,0,82.29,24,1
0,13,30.0,72.68,28.26,0,73.68,24,1
0,14,46.0,81.84,-1070.5099999999998,0,0.0,24,1
0,15,20.0,7.99,2302.36,0,8.99,24,1
0,16,3.0,15.5,9.14,0,16.5,24,1
0,17,3.0,96.32,24.23,0,97.32,24,1
0,18,23.0,92.46,2.89,0,93.46,24,1
0,19,21.0,128.91,3.78,0,129.91,24,1
0,20,2.0,91.31,26.29,0,92.31,24,2
0,21,13.0,77.63,6.83,0,78.63,24,2
0,22,5.0,11.77,662.06,0,12.77,24,2
0,23,2.0,1.8,37.28,0,2.8,24,2
0,24,31.0,112.75,4.22,0,113.75,24,2
0,25,20.0,67.78,6.5,0,68.78,24,2
0,26,29.0,7.1,4792.23,403,8.1,24,2
0,27,25.0,49.97,8.4,0,50.97,24,2
0,28,4.0,54.81,22.86,0,55.81,24,2
0,29,24.0,35.34,34.68,0,36.34,24,2
0,30,5.0,75.36,26.15,0,76.36,24,3
0,31,5.0,77.35,46.49,0,78.35,24,3
0,32,7.0,73.94,14.57,0,74.94,24,3
0,33,21.0,111.83,21.63,0,112.83,24,3
0,34,10.0,37.49,1.86,0,38.49,24,3
0,35,37.0,53.8,-6059.340000000012,0,0.0,24,3
0,36,25.0,71.15,7.46,0,72.15,24,3
0,37,11.0,74.45,6.37,0,75.45,24,3
0,38,35.0,15.93,13676.79,1502,16.93,24,3
0,39,18.0,110.58,19.39,0,111.58,24,3
0,40,21.0,31.07,8307.1,0,32.07,24,4
0,41,15.0,20.65,4.38,0,21.65,24,4
0,42,12.0,1.15,48.35,25,2.15,24,4
0,43,9.0,68.96,1.35,0,69.96,24,4
0,44,27.0,3.92,10463.04,67,4.92,24,4
0,45,1.0,63.96,6.05,0,64.96000000000001,24,4
0,46,14.0,21.94,4.54,0,22.94,24,4
0,47,24.0,32.73,5.67,0,33.73,24,4
0,48,29.0,20.72,1790.97,0,21.72,24,4
0,49,12.0,71.14,5.8,0,72.14,24,4
